STRUCT,Info,3,,,,,,,,,,,,,,,,,,,,,,,,,,,,,,,,,,,,,,,,,,,,,,,,,,,,,,,,,,,,,,,
CPU name:,Intel(R) Xeon Phi(TM) CPU 7250 @ 1.40GHz,,,,,,,,,,,,,,,,,,,,,,,,,,,,,,,,,,,,,,,,,,,,,,,,,,,,,,,,,,,,,,,,
CPU type:,Intel Xeon Phi (Knights Landing) (Co)Processor,,,,,,,,,,,,,,,,,,,,,,,,,,,,,,,,,,,,,,,,,,,,,,,,,,,,,,,,,,,,,,,,
CPU clock:,1.399985668 GHz,,,,,,,,,,,,,,,,,,,,,,,,,,,,,,,,,,,,,,,,,,,,,,,,,,,,,,,,,,,,,,,,
TABLE,Region MMUL_Region,Group 1 Raw,HBM_CACHE,47,,,,,,,,,,,,,,,,,,,,,,,,,,,,,,,,,,,,,,,,,,,,,,,,,,,,,,,,,,,,,
Region Info,HWThread 0,HWThread 1,HWThread 2,HWThread 3,HWThread 4,HWThread 5,HWThread 6,HWThread 7,HWThread 8,HWThread 9,HWThread 10,HWThread 11,HWThread 12,HWThread 13,HWThread 14,HWThread 15,HWThread 16,HWThread 17,HWThread 18,HWThread 19,HWThread 20,HWThread 21,HWThread 22,HWThread 23,HWThread 24,HWThread 25,HWThread 26,HWThread 27,HWThread 28,HWThread 29,HWThread 30,HWThread 31,HWThread 32,HWThread 33,HWThread 34,HWThread 35,HWThread 36,HWThread 37,HWThread 38,HWThread 39,HWThread 40,HWThread 41,HWThread 42,HWThread 43,HWThread 44,HWThread 45,HWThread 46,HWThread 47,HWThread 48,HWThread 49,HWThread 50,HWThread 51,HWThread 52,HWThread 53,HWThread 54,HWThread 55,HWThread 56,HWThread 57,HWThread 58,HWThread 59,HWThread 60,HWThread 61,HWThread 62,HWThread 63,
RDTSC Runtime [s],3.777524,3.758251,3.764039,3.784313,3.786389,3.772419,3.755720,3.766846,3.755091,3.783531,3.774726,3.775198,3.769448,3.765811,3.762859,3.783099,3.779241,3.759340,3.785195,3.772919,3.756465,3.767392,3.771189,3.773417,3.780957,3.761195,3.776121,3.757591,3.777565,3.777997,3.760653,3.777141,3.757030,3.773896,3.765300,3.769045,3.767871,3.775716,3.781396,3.781822,3.782308,3.785647,3.785999,3.782696,3.758804,3.780603,3.780082,3.762305,3.774363,3.763503,3.766359,3.779698,3.776616,3.783941,3.759956,3.769869,3.770784,3.770293,3.768429,3.771666,3.764700,3.778874,3.784787,3.761797,
call count,1,1,1,1,1,1,1,1,1,1,1,1,1,1,1,1,1,1,1,1,1,1,1,1,1,1,1,1,1,1,1,1,1,1,1,1,1,1,1,1,1,1,1,1,1,1,1,1,1,1,1,1,1,1,1,1,1,1,1,1,1,1,1,1,
Event,Counter,HWThread 0,HWThread 1,HWThread 2,HWThread 3,HWThread 4,HWThread 5,HWThread 6,HWThread 7,HWThread 8,HWThread 9,HWThread 10,HWThread 11,HWThread 12,HWThread 13,HWThread 14,HWThread 15,HWThread 16,HWThread 17,HWThread 18,HWThread 19,HWThread 20,HWThread 21,HWThread 22,HWThread 23,HWThread 24,HWThread 25,HWThread 26,HWThread 27,HWThread 28,HWThread 29,HWThread 30,HWThread 31,HWThread 32,HWThread 33,HWThread 34,HWThread 35,HWThread 36,HWThread 37,HWThread 38,HWThread 39,HWThread 40,HWThread 41,HWThread 42,HWThread 43,HWThread 44,HWThread 45,HWThread 46,HWThread 47,HWThread 48,HWThread 49,HWThread 50,HWThread 51,HWThread 52,HWThread 53,HWThread 54,HWThread 55,HWThread 56,HWThread 57,HWThread 58,HWThread 59,HWThread 60,HWThread 61,HWThread 62,HWThread 63
INSTR_RETIRED_ANY,FIXC0,34382660000,66541980000,62493870000,63887780000,62094070000,58026040000,64368570000,65005560000,57810060000,62827710000,66493050000,66412340000,65288920000,65186630000,64615580000,64892040000,65486450000,65084070000,59323110000,59240160000,66440760000,66532950000,62044880000,65703910000,64886470000,62285280000,65470450000,64960450000,64466010000,59543570000,61399890000,56828820000,65704720000,63899390000,64285590000,65508910000,61813550000,64795040000,61292880000,61137490000,63251240000,64173910000,62067970000,63814670000,60652720000,61311010000,63208080000,62255930000,59228470000,57052640000,63257110000,63494350000,61129910000,61215110000,63556700000,63715990000,63421830000,63515810000,66472140000,66224020000,64208570000,58172820000,61317360000,63423380000
CPU_CLK_UNHALTED_CORE,FIXC1,73733750000,384594400000,382709700000,389421600000,384036000000,383838700000,382855600000,382690200000,388293800000,389544300000,387811100000,387821800000,387786400000,387618400000,387422500000,386866500000,387792600000,387334300000,385213100000,383312900000,387242500000,387279000000,388689800000,387819000000,387646000000,382998000000,387718400000,387388700000,388113100000,383723000000,387218600000,388657500000,387265700000,388322800000,387843100000,388276700000,389693500000,387979500000,388160000000,389408600000,390248400000,388562400000,388721900000,387088100000,388292300000,388306900000,387682800000,387429700000,388224500000,388568200000,387363300000,387911600000,388258300000,386932000000,387425900000,388173900000,389164900000,387724700000,387545400000,387699700000,387964800000,388241000000,385734600000,392383500000
CPU_CLK_UNHALTED_REF,FIXC2,68716590000,360879600000,361892600000,366585300000,365825900000,363498200000,361636600000,362029700000,365849400000,365963100000,365678200000,365683000000,365562100000,365345900000,364965700000,365849200000,365930400000,364747000000,365790000000,362900300000,364521000000,365029900000,366637900000,365688400000,366103300000,362099500000,365747300000,364807800000,366117700000,363795200000,364893500000,367056500000,364639100000,366259200000,365590600000,365654500000,366600900000,365961900000,366020200000,366016000000,366451700000,365790500000,366038800000,365963500000,365889100000,367033800000,365930800000,365023000000,366284900000,366386500000,365252300000,366067600000,366621200000,366357900000,364898300000,365535800000,366111800000,365562000000,365275100000,365541500000,365687900000,366567600000,365592300000,368057100000
EDC_RPQ_INSERTS,EDBOX0C0,1330503000,0,0,0,0,0,0,0,0,0,0,0,0,0,0,0,0,0,0,0,0,0,0,0,0,0,0,0,0,0,0,0,0,0,0,0,0,0,0,0,0,0,0,0,0,0,0,0,0,0,0,0,0,0,0,0,0,0,0,0,0,0,0,0
EDC_RPQ_INSERTS,EDBOX1C0,1332700000,0,0,0,0,0,0,0,0,0,0,0,0,0,0,0,0,0,0,0,0,0,0,0,0,0,0,0,0,0,0,0,0,0,0,0,0,0,0,0,0,0,0,0,0,0,0,0,0,0,0,0,0,0,0,0,0,0,0,0,0,0,0,0
EDC_RPQ_INSERTS,EDBOX2C0,1330521000,0,0,0,0,0,0,0,0,0,0,0,0,0,0,0,0,0,0,0,0,0,0,0,0,0,0,0,0,0,0,0,0,0,0,0,0,0,0,0,0,0,0,0,0,0,0,0,0,0,0,0,0,0,0,0,0,0,0,0,0,0,0,0
EDC_RPQ_INSERTS,EDBOX3C0,1332598000,0,0,0,0,0,0,0,0,0,0,0,0,0,0,0,0,0,0,0,0,0,0,0,0,0,0,0,0,0,0,0,0,0,0,0,0,0,0,0,0,0,0,0,0,0,0,0,0,0,0,0,0,0,0,0,0,0,0,0,0,0,0,0
EDC_RPQ_INSERTS,EDBOX4C0,1330504000,0,0,0,0,0,0,0,0,0,0,0,0,0,0,0,0,0,0,0,0,0,0,0,0,0,0,0,0,0,0,0,0,0,0,0,0,0,0,0,0,0,0,0,0,0,0,0,0,0,0,0,0,0,0,0,0,0,0,0,0,0,0,0
EDC_RPQ_INSERTS,EDBOX5C0,1332730000,0,0,0,0,0,0,0,0,0,0,0,0,0,0,0,0,0,0,0,0,0,0,0,0,0,0,0,0,0,0,0,0,0,0,0,0,0,0,0,0,0,0,0,0,0,0,0,0,0,0,0,0,0,0,0,0,0,0,0,0,0,0,0
EDC_RPQ_INSERTS,EDBOX6C0,1330536000,0,0,0,0,0,0,0,0,0,0,0,0,0,0,0,0,0,0,0,0,0,0,0,0,0,0,0,0,0,0,0,0,0,0,0,0,0,0,0,0,0,0,0,0,0,0,0,0,0,0,0,0,0,0,0,0,0,0,0,0,0,0,0
EDC_RPQ_INSERTS,EDBOX7C0,1332616000,0,0,0,0,0,0,0,0,0,0,0,0,0,0,0,0,0,0,0,0,0,0,0,0,0,0,0,0,0,0,0,0,0,0,0,0,0,0,0,0,0,0,0,0,0,0,0,0,0,0,0,0,0,0,0,0,0,0,0,0,0,0,0
EDC_WPQ_INSERTS,EDBOX0C1,1731625,0,0,0,0,0,0,0,0,0,0,0,0,0,0,0,0,0,0,0,0,0,0,0,0,0,0,0,0,0,0,0,0,0,0,0,0,0,0,0,0,0,0,0,0,0,0,0,0,0,0,0,0,0,0,0,0,0,0,0,0,0,0,0
EDC_WPQ_INSERTS,EDBOX1C1,1149978,0,0,0,0,0,0,0,0,0,0,0,0,0,0,0,0,0,0,0,0,0,0,0,0,0,0,0,0,0,0,0,0,0,0,0,0,0,0,0,0,0,0,0,0,0,0,0,0,0,0,0,0,0,0,0,0,0,0,0,0,0,0,0
EDC_WPQ_INSERTS,EDBOX2C1,1715050,0,0,0,0,0,0,0,0,0,0,0,0,0,0,0,0,0,0,0,0,0,0,0,0,0,0,0,0,0,0,0,0,0,0,0,0,0,0,0,0,0,0,0,0,0,0,0,0,0,0,0,0,0,0,0,0,0,0,0,0,0,0,0
EDC_WPQ_INSERTS,EDBOX3C1,1151376,0,0,0,0,0,0,0,0,0,0,0,0,0,0,0,0,0,0,0,0,0,0,0,0,0,0,0,0,0,0,0,0,0,0,0,0,0,0,0,0,0,0,0,0,0,0,0,0,0,0,0,0,0,0,0,0,0,0,0,0,0,0,0
EDC_WPQ_INSERTS,EDBOX4C1,1679860,0,0,0,0,0,0,0,0,0,0,0,0,0,0,0,0,0,0,0,0,0,0,0,0,0,0,0,0,0,0,0,0,0,0,0,0,0,0,0,0,0,0,0,0,0,0,0,0,0,0,0,0,0,0,0,0,0,0,0,0,0,0,0
EDC_WPQ_INSERTS,EDBOX5C1,1141131,0,0,0,0,0,0,0,0,0,0,0,0,0,0,0,0,0,0,0,0,0,0,0,0,0,0,0,0,0,0,0,0,0,0,0,0,0,0,0,0,0,0,0,0,0,0,0,0,0,0,0,0,0,0,0,0,0,0,0,0,0,0,0
EDC_WPQ_INSERTS,EDBOX6C1,1686471,0,0,0,0,0,0,0,0,0,0,0,0,0,0,0,0,0,0,0,0,0,0,0,0,0,0,0,0,0,0,0,0,0,0,0,0,0,0,0,0,0,0,0,0,0,0,0,0,0,0,0,0,0,0,0,0,0,0,0,0,0,0,0
EDC_WPQ_INSERTS,EDBOX7C1,1138635,0,0,0,0,0,0,0,0,0,0,0,0,0,0,0,0,0,0,0,0,0,0,0,0,0,0,0,0,0,0,0,0,0,0,0,0,0,0,0,0,0,0,0,0,0,0,0,0,0,0,0,0,0,0,0,0,0,0,0,0,0,0,0
EDC_MISS_CLEAN,EUBOX0C0,19556,0,0,0,0,0,0,0,0,0,0,0,0,0,0,0,0,0,0,0,0,0,0,0,0,0,0,0,0,0,0,0,0,0,0,0,0,0,0,0,0,0,0,0,0,0,0,0,0,0,0,0,0,0,0,0,0,0,0,0,0,0,0,0
EDC_MISS_CLEAN,EUBOX1C0,14019,0,0,0,0,0,0,0,0,0,0,0,0,0,0,0,0,0,0,0,0,0,0,0,0,0,0,0,0,0,0,0,0,0,0,0,0,0,0,0,0,0,0,0,0,0,0,0,0,0,0,0,0,0,0,0,0,0,0,0,0,0,0,0
EDC_MISS_CLEAN,EUBOX2C0,19438,0,0,0,0,0,0,0,0,0,0,0,0,0,0,0,0,0,0,0,0,0,0,0,0,0,0,0,0,0,0,0,0,0,0,0,0,0,0,0,0,0,0,0,0,0,0,0,0,0,0,0,0,0,0,0,0,0,0,0,0,0,0,0
EDC_MISS_CLEAN,EUBOX3C0,14325,0,0,0,0,0,0,0,0,0,0,0,0,0,0,0,0,0,0,0,0,0,0,0,0,0,0,0,0,0,0,0,0,0,0,0,0,0,0,0,0,0,0,0,0,0,0,0,0,0,0,0,0,0,0,0,0,0,0,0,0,0,0,0
EDC_MISS_CLEAN,EUBOX4C0,20283,0,0,0,0,0,0,0,0,0,0,0,0,0,0,0,0,0,0,0,0,0,0,0,0,0,0,0,0,0,0,0,0,0,0,0,0,0,0,0,0,0,0,0,0,0,0,0,0,0,0,0,0,0,0,0,0,0,0,0,0,0,0,0
EDC_MISS_CLEAN,EUBOX5C0,16780,0,0,0,0,0,0,0,0,0,0,0,0,0,0,0,0,0,0,0,0,0,0,0,0,0,0,0,0,0,0,0,0,0,0,0,0,0,0,0,0,0,0,0,0,0,0,0,0,0,0,0,0,0,0,0,0,0,0,0,0,0,0,0
EDC_MISS_CLEAN,EUBOX6C0,18557,0,0,0,0,0,0,0,0,0,0,0,0,0,0,0,0,0,0,0,0,0,0,0,0,0,0,0,0,0,0,0,0,0,0,0,0,0,0,0,0,0,0,0,0,0,0,0,0,0,0,0,0,0,0,0,0,0,0,0,0,0,0,0
EDC_MISS_CLEAN,EUBOX7C0,13949,0,0,0,0,0,0,0,0,0,0,0,0,0,0,0,0,0,0,0,0,0,0,0,0,0,0,0,0,0,0,0,0,0,0,0,0,0,0,0,0,0,0,0,0,0,0,0,0,0,0,0,0,0,0,0,0,0,0,0,0,0,0,0
EDC_MISS_DIRTY,EUBOX0C1,801,0,0,0,0,0,0,0,0,0,0,0,0,0,0,0,0,0,0,0,0,0,0,0,0,0,0,0,0,0,0,0,0,0,0,0,0,0,0,0,0,0,0,0,0,0,0,0,0,0,0,0,0,0,0,0,0,0,0,0,0,0,0,0
EDC_MISS_DIRTY,EUBOX1C1,360,0,0,0,0,0,0,0,0,0,0,0,0,0,0,0,0,0,0,0,0,0,0,0,0,0,0,0,0,0,0,0,0,0,0,0,0,0,0,0,0,0,0,0,0,0,0,0,0,0,0,0,0,0,0,0,0,0,0,0,0,0,0,0
EDC_MISS_DIRTY,EUBOX2C1,765,0,0,0,0,0,0,0,0,0,0,0,0,0,0,0,0,0,0,0,0,0,0,0,0,0,0,0,0,0,0,0,0,0,0,0,0,0,0,0,0,0,0,0,0,0,0,0,0,0,0,0,0,0,0,0,0,0,0,0,0,0,0,0
EDC_MISS_DIRTY,EUBOX3C1,367,0,0,0,0,0,0,0,0,0,0,0,0,0,0,0,0,0,0,0,0,0,0,0,0,0,0,0,0,0,0,0,0,0,0,0,0,0,0,0,0,0,0,0,0,0,0,0,0,0,0,0,0,0,0,0,0,0,0,0,0,0,0,0
EDC_MISS_DIRTY,EUBOX4C1,755,0,0,0,0,0,0,0,0,0,0,0,0,0,0,0,0,0,0,0,0,0,0,0,0,0,0,0,0,0,0,0,0,0,0,0,0,0,0,0,0,0,0,0,0,0,0,0,0,0,0,0,0,0,0,0,0,0,0,0,0,0,0,0
EDC_MISS_DIRTY,EUBOX5C1,357,0,0,0,0,0,0,0,0,0,0,0,0,0,0,0,0,0,0,0,0,0,0,0,0,0,0,0,0,0,0,0,0,0,0,0,0,0,0,0,0,0,0,0,0,0,0,0,0,0,0,0,0,0,0,0,0,0,0,0,0,0,0,0
EDC_MISS_DIRTY,EUBOX6C1,641,0,0,0,0,0,0,0,0,0,0,0,0,0,0,0,0,0,0,0,0,0,0,0,0,0,0,0,0,0,0,0,0,0,0,0,0,0,0,0,0,0,0,0,0,0,0,0,0,0,0,0,0,0,0,0,0,0,0,0,0,0,0,0
EDC_MISS_DIRTY,EUBOX7C1,365,0,0,0,0,0,0,0,0,0,0,0,0,0,0,0,0,0,0,0,0,0,0,0,0,0,0,0,0,0,0,0,0,0,0,0,0,0,0,0,0,0,0,0,0,0,0,0,0,0,0,0,0,0,0,0,0,0,0,0,0,0,0,0
MC_CAS_READS,MBOX0C0,757346,0,0,0,0,0,0,0,0,0,0,0,0,0,0,0,0,0,0,0,0,0,0,0,0,0,0,0,0,0,0,0,0,0,0,0,0,0,0,0,0,0,0,0,0,0,0,0,0,0,0,0,0,0,0,0,0,0,0,0,0,0,0,0
MC_CAS_WRITES,MBOX0C1,2461,0,0,0,0,0,0,0,0,0,0,0,0,0,0,0,0,0,0,0,0,0,0,0,0,0,0,0,0,0,0,0,0,0,0,0,0,0,0,0,0,0,0,0,0,0,0,0,0,0,0,0,0,0,0,0,0,0,0,0,0,0,0,0
MC_CAS_READS,MBOX1C0,756373,0,0,0,0,0,0,0,0,0,0,0,0,0,0,0,0,0,0,0,0,0,0,0,0,0,0,0,0,0,0,0,0,0,0,0,0,0,0,0,0,0,0,0,0,0,0,0,0,0,0,0,0,0,0,0,0,0,0,0,0,0,0,0
MC_CAS_WRITES,MBOX1C1,2211,0,0,0,0,0,0,0,0,0,0,0,0,0,0,0,0,0,0,0,0,0,0,0,0,0,0,0,0,0,0,0,0,0,0,0,0,0,0,0,0,0,0,0,0,0,0,0,0,0,0,0,0,0,0,0,0,0,0,0,0,0,0,0
MC_CAS_READS,MBOX2C0,757026,0,0,0,0,0,0,0,0,0,0,0,0,0,0,0,0,0,0,0,0,0,0,0,0,0,0,0,0,0,0,0,0,0,0,0,0,0,0,0,0,0,0,0,0,0,0,0,0,0,0,0,0,0,0,0,0,0,0,0,0,0,0,0
MC_CAS_WRITES,MBOX2C1,2815,0,0,0,0,0,0,0,0,0,0,0,0,0,0,0,0,0,0,0,0,0,0,0,0,0,0,0,0,0,0,0,0,0,0,0,0,0,0,0,0,0,0,0,0,0,0,0,0,0,0,0,0,0,0,0,0,0,0,0,0,0,0,0
MC_CAS_READS,MBOX4C0,755684,0,0,0,0,0,0,0,0,0,0,0,0,0,0,0,0,0,0,0,0,0,0,0,0,0,0,0,0,0,0,0,0,0,0,0,0,0,0,0,0,0,0,0,0,0,0,0,0,0,0,0,0,0,0,0,0,0,0,0,0,0,0,0
MC_CAS_WRITES,MBOX4C1,2403,0,0,0,0,0,0,0,0,0,0,0,0,0,0,0,0,0,0,0,0,0,0,0,0,0,0,0,0,0,0,0,0,0,0,0,0,0,0,0,0,0,0,0,0,0,0,0,0,0,0,0,0,0,0,0,0,0,0,0,0,0,0,0
MC_CAS_READS,MBOX5C0,755469,0,0,0,0,0,0,0,0,0,0,0,0,0,0,0,0,0,0,0,0,0,0,0,0,0,0,0,0,0,0,0,0,0,0,0,0,0,0,0,0,0,0,0,0,0,0,0,0,0,0,0,0,0,0,0,0,0,0,0,0,0,0,0
MC_CAS_WRITES,MBOX5C1,2307,0,0,0,0,0,0,0,0,0,0,0,0,0,0,0,0,0,0,0,0,0,0,0,0,0,0,0,0,0,0,0,0,0,0,0,0,0,0,0,0,0,0,0,0,0,0,0,0,0,0,0,0,0,0,0,0,0,0,0,0,0,0,0
MC_CAS_READS,MBOX6C0,755080,0,0,0,0,0,0,0,0,0,0,0,0,0,0,0,0,0,0,0,0,0,0,0,0,0,0,0,0,0,0,0,0,0,0,0,0,0,0,0,0,0,0,0,0,0,0,0,0,0,0,0,0,0,0,0,0,0,0,0,0,0,0,0
MC_CAS_WRITES,MBOX6C1,2693,0,0,0,0,0,0,0,0,0,0,0,0,0,0,0,0,0,0,0,0,0,0,0,0,0,0,0,0,0,0,0,0,0,0,0,0,0,0,0,0,0,0,0,0,0,0,0,0,0,0,0,0,0,0,0,0,0,0,0,0,0,0,0
TABLE,Region MMUL_Region,Group 1 Raw STAT,HBM_CACHE,47,,,,,,,,,,,,,,,,,,,,,,,,,,,,,,,,,,,,,,,,,,,,,,,,,,,,,,,,,,,,,
Event,Counter,Sum,Min,Max,Avg,,,,,,,,,,,,,,,,,,,,,,,,,,,,,,,,,,,,,,,,,,,,,,,,,,,,,,,,,,,,
INSTR_RETIRED_ANY STAT,FIXC0,4008603400000,34382660000,66541980000,62634428125,,,,,,,,,,,,,,,,,,,,,,,,,,,,,,,,,,,,,,,,,,,,,,,,,,,,,,,,,,,,
CPU_CLK_UNHALTED_CORE STAT,FIXC1,24477789950000,73733750000,392383500000,3.824655e+11,,,,,,,,,,,,,,,,,,,,,,,,,,,,,,,,,,,,,,,,,,,,,,,,,,,,,,,,,,,,
CPU_CLK_UNHALTED_REF STAT,FIXC2,23088490190000,68716590000,368057100000,3.607577e+11,,,,,,,,,,,,,,,,,,,,,,,,,,,,,,,,,,,,,,,,,,,,,,,,,,,,,,,,,,,,
EDC_RPQ_INSERTS STAT,EDBOX0C0,1330503000,0,1330503000,2.078911e+07,,,,,,,,,,,,,,,,,,,,,,,,,,,,,,,,,,,,,,,,,,,,,,,,,,,,,,,,,,,,
EDC_RPQ_INSERTS STAT,EDBOX1C0,1332700000,0,1332700000,2.082344e+07,,,,,,,,,,,,,,,,,,,,,,,,,,,,,,,,,,,,,,,,,,,,,,,,,,,,,,,,,,,,
EDC_RPQ_INSERTS STAT,EDBOX2C0,1330521000,0,1330521000,2.078939e+07,,,,,,,,,,,,,,,,,,,,,,,,,,,,,,,,,,,,,,,,,,,,,,,,,,,,,,,,,,,,
EDC_RPQ_INSERTS STAT,EDBOX3C0,1332598000,0,1332598000,2.082184e+07,,,,,,,,,,,,,,,,,,,,,,,,,,,,,,,,,,,,,,,,,,,,,,,,,,,,,,,,,,,,
EDC_RPQ_INSERTS STAT,EDBOX4C0,1330504000,0,1330504000,20789125,,,,,,,,,,,,,,,,,,,,,,,,,,,,,,,,,,,,,,,,,,,,,,,,,,,,,,,,,,,,
EDC_RPQ_INSERTS STAT,EDBOX5C0,1332730000,0,1332730000,2.082391e+07,,,,,,,,,,,,,,,,,,,,,,,,,,,,,,,,,,,,,,,,,,,,,,,,,,,,,,,,,,,,
EDC_RPQ_INSERTS STAT,EDBOX6C0,1330536000,0,1330536000,20789625,,,,,,,,,,,,,,,,,,,,,,,,,,,,,,,,,,,,,,,,,,,,,,,,,,,,,,,,,,,,
EDC_RPQ_INSERTS STAT,EDBOX7C0,1332616000,0,1332616000,20822125,,,,,,,,,,,,,,,,,,,,,,,,,,,,,,,,,,,,,,,,,,,,,,,,,,,,,,,,,,,,
EDC_WPQ_INSERTS STAT,EDBOX0C1,1731625,0,1731625,27056.6406,,,,,,,,,,,,,,,,,,,,,,,,,,,,,,,,,,,,,,,,,,,,,,,,,,,,,,,,,,,,
EDC_WPQ_INSERTS STAT,EDBOX1C1,1149978,0,1149978,17968.4062,,,,,,,,,,,,,,,,,,,,,,,,,,,,,,,,,,,,,,,,,,,,,,,,,,,,,,,,,,,,
EDC_WPQ_INSERTS STAT,EDBOX2C1,1715050,0,1715050,26797.6562,,,,,,,,,,,,,,,,,,,,,,,,,,,,,,,,,,,,,,,,,,,,,,,,,,,,,,,,,,,,
EDC_WPQ_INSERTS STAT,EDBOX3C1,1151376,0,1151376,17990.2500,,,,,,,,,,,,,,,,,,,,,,,,,,,,,,,,,,,,,,,,,,,,,,,,,,,,,,,,,,,,
EDC_WPQ_INSERTS STAT,EDBOX4C1,1679860,0,1679860,26247.8125,,,,,,,,,,,,,,,,,,,,,,,,,,,,,,,,,,,,,,,,,,,,,,,,,,,,,,,,,,,,
EDC_WPQ_INSERTS STAT,EDBOX5C1,1141131,0,1141131,17830.1719,,,,,,,,,,,,,,,,,,,,,,,,,,,,,,,,,,,,,,,,,,,,,,,,,,,,,,,,,,,,
EDC_WPQ_INSERTS STAT,EDBOX6C1,1686471,0,1686471,26351.1094,,,,,,,,,,,,,,,,,,,,,,,,,,,,,,,,,,,,,,,,,,,,,,,,,,,,,,,,,,,,
EDC_WPQ_INSERTS STAT,EDBOX7C1,1138635,0,1138635,17791.1719,,,,,,,,,,,,,,,,,,,,,,,,,,,,,,,,,,,,,,,,,,,,,,,,,,,,,,,,,,,,
EDC_MISS_CLEAN STAT,EUBOX0C0,19556,0,19556,305.5625,,,,,,,,,,,,,,,,,,,,,,,,,,,,,,,,,,,,,,,,,,,,,,,,,,,,,,,,,,,,
EDC_MISS_CLEAN STAT,EUBOX1C0,14019,0,14019,219.0469,,,,,,,,,,,,,,,,,,,,,,,,,,,,,,,,,,,,,,,,,,,,,,,,,,,,,,,,,,,,
EDC_MISS_CLEAN STAT,EUBOX2C0,19438,0,19438,303.7188,,,,,,,,,,,,,,,,,,,,,,,,,,,,,,,,,,,,,,,,,,,,,,,,,,,,,,,,,,,,
EDC_MISS_CLEAN STAT,EUBOX3C0,14325,0,14325,223.8281,,,,,,,,,,,,,,,,,,,,,,,,,,,,,,,,,,,,,,,,,,,,,,,,,,,,,,,,,,,,
EDC_MISS_CLEAN STAT,EUBOX4C0,20283,0,20283,316.9219,,,,,,,,,,,,,,,,,,,,,,,,,,,,,,,,,,,,,,,,,,,,,,,,,,,,,,,,,,,,
EDC_MISS_CLEAN STAT,EUBOX5C0,16780,0,16780,262.1875,,,,,,,,,,,,,,,,,,,,,,,,,,,,,,,,,,,,,,,,,,,,,,,,,,,,,,,,,,,,
EDC_MISS_CLEAN STAT,EUBOX6C0,18557,0,18557,289.9531,,,,,,,,,,,,,,,,,,,,,,,,,,,,,,,,,,,,,,,,,,,,,,,,,,,,,,,,,,,,
EDC_MISS_CLEAN STAT,EUBOX7C0,13949,0,13949,217.9531,,,,,,,,,,,,,,,,,,,,,,,,,,,,,,,,,,,,,,,,,,,,,,,,,,,,,,,,,,,,
EDC_MISS_DIRTY STAT,EUBOX0C1,801,0,801,12.5156,,,,,,,,,,,,,,,,,,,,,,,,,,,,,,,,,,,,,,,,,,,,,,,,,,,,,,,,,,,,
EDC_MISS_DIRTY STAT,EUBOX1C1,360,0,360,5.6250,,,,,,,,,,,,,,,,,,,,,,,,,,,,,,,,,,,,,,,,,,,,,,,,,,,,,,,,,,,,
EDC_MISS_DIRTY STAT,EUBOX2C1,765,0,765,11.9531,,,,,,,,,,,,,,,,,,,,,,,,,,,,,,,,,,,,,,,,,,,,,,,,,,,,,,,,,,,,
EDC_MISS_DIRTY STAT,EUBOX3C1,367,0,367,5.7344,,,,,,,,,,,,,,,,,,,,,,,,,,,,,,,,,,,,,,,,,,,,,,,,,,,,,,,,,,,,
EDC_MISS_DIRTY STAT,EUBOX4C1,755,0,755,11.7969,,,,,,,,,,,,,,,,,,,,,,,,,,,,,,,,,,,,,,,,,,,,,,,,,,,,,,,,,,,,
EDC_MISS_DIRTY STAT,EUBOX5C1,357,0,357,5.5781,,,,,,,,,,,,,,,,,,,,,,,,,,,,,,,,,,,,,,,,,,,,,,,,,,,,,,,,,,,,
EDC_MISS_DIRTY STAT,EUBOX6C1,641,0,641,10.0156,,,,,,,,,,,,,,,,,,,,,,,,,,,,,,,,,,,,,,,,,,,,,,,,,,,,,,,,,,,,
EDC_MISS_DIRTY STAT,EUBOX7C1,365,0,365,5.7031,,,,,,,,,,,,,,,,,,,,,,,,,,,,,,,,,,,,,,,,,,,,,,,,,,,,,,,,,,,,
MC_CAS_READS STAT,MBOX0C0,757346,0,757346,11833.5312,,,,,,,,,,,,,,,,,,,,,,,,,,,,,,,,,,,,,,,,,,,,,,,,,,,,,,,,,,,,
MC_CAS_WRITES STAT,MBOX0C1,2461,0,2461,38.4531,,,,,,,,,,,,,,,,,,,,,,,,,,,,,,,,,,,,,,,,,,,,,,,,,,,,,,,,,,,,
MC_CAS_READS STAT,MBOX1C0,756373,0,756373,11818.3281,,,,,,,,,,,,,,,,,,,,,,,,,,,,,,,,,,,,,,,,,,,,,,,,,,,,,,,,,,,,
MC_CAS_WRITES STAT,MBOX1C1,2211,0,2211,34.5469,,,,,,,,,,,,,,,,,,,,,,,,,,,,,,,,,,,,,,,,,,,,,,,,,,,,,,,,,,,,
MC_CAS_READS STAT,MBOX2C0,757026,0,757026,11828.5312,,,,,,,,,,,,,,,,,,,,,,,,,,,,,,,,,,,,,,,,,,,,,,,,,,,,,,,,,,,,
MC_CAS_WRITES STAT,MBOX2C1,2815,0,2815,43.9844,,,,,,,,,,,,,,,,,,,,,,,,,,,,,,,,,,,,,,,,,,,,,,,,,,,,,,,,,,,,
MC_CAS_READS STAT,MBOX4C0,755684,0,755684,11807.5625,,,,,,,,,,,,,,,,,,,,,,,,,,,,,,,,,,,,,,,,,,,,,,,,,,,,,,,,,,,,
MC_CAS_WRITES STAT,MBOX4C1,2403,0,2403,37.5469,,,,,,,,,,,,,,,,,,,,,,,,,,,,,,,,,,,,,,,,,,,,,,,,,,,,,,,,,,,,
MC_CAS_READS STAT,MBOX5C0,755469,0,755469,11804.2031,,,,,,,,,,,,,,,,,,,,,,,,,,,,,,,,,,,,,,,,,,,,,,,,,,,,,,,,,,,,
MC_CAS_WRITES STAT,MBOX5C1,2307,0,2307,36.0469,,,,,,,,,,,,,,,,,,,,,,,,,,,,,,,,,,,,,,,,,,,,,,,,,,,,,,,,,,,,
MC_CAS_READS STAT,MBOX6C0,755080,0,755080,11798.1250,,,,,,,,,,,,,,,,,,,,,,,,,,,,,,,,,,,,,,,,,,,,,,,,,,,,,,,,,,,,
MC_CAS_WRITES STAT,MBOX6C1,2693,0,2693,42.0781,,,,,,,,,,,,,,,,,,,,,,,,,,,,,,,,,,,,,,,,,,,,,,,,,,,,,,,,,,,,
TABLE,Region MMUL_Region,Group 1 Metric,HBM_CACHE,16,,,,,,,,,,,,,,,,,,,,,,,,,,,,,,,,,,,,,,,,,,,,,,,,,,,,,,,,,,,,,
Metric,HWThread 0,HWThread 1,HWThread 2,HWThread 3,HWThread 4,HWThread 5,HWThread 6,HWThread 7,HWThread 8,HWThread 9,HWThread 10,HWThread 11,HWThread 12,HWThread 13,HWThread 14,HWThread 15,HWThread 16,HWThread 17,HWThread 18,HWThread 19,HWThread 20,HWThread 21,HWThread 22,HWThread 23,HWThread 24,HWThread 25,HWThread 26,HWThread 27,HWThread 28,HWThread 29,HWThread 30,HWThread 31,HWThread 32,HWThread 33,HWThread 34,HWThread 35,HWThread 36,HWThread 37,HWThread 38,HWThread 39,HWThread 40,HWThread 41,HWThread 42,HWThread 43,HWThread 44,HWThread 45,HWThread 46,HWThread 47,HWThread 48,HWThread 49,HWThread 50,HWThread 51,HWThread 52,HWThread 53,HWThread 54,HWThread 55,HWThread 56,HWThread 57,HWThread 58,HWThread 59,HWThread 60,HWThread 61,HWThread 62,HWThread 63,
Runtime (RDTSC) [s],3.7775,3.7583,3.7640,3.7843,3.7864,3.7724,3.7557,3.7668,3.7551,3.7835,3.7747,3.7752,3.7694,3.7658,3.7629,3.7831,3.7792,3.7593,3.7852,3.7729,3.7565,3.7674,3.7712,3.7734,3.7810,3.7612,3.7761,3.7576,3.7776,3.7780,3.7607,3.7771,3.7570,3.7739,3.7653,3.7690,3.7679,3.7757,3.7814,3.7818,3.7823,3.7856,3.7860,3.7827,3.7588,3.7806,3.7801,3.7623,3.7744,3.7635,3.7664,3.7797,3.7766,3.7839,3.7600,3.7699,3.7708,3.7703,3.7684,3.7717,3.7647,3.7789,3.7848,3.7618,
Runtime unhalted [s],52.6675,274.7131,273.3669,278.1611,274.3142,274.1733,273.4711,273.3529,277.3556,278.2488,277.0108,277.0184,276.9931,276.8731,276.7332,276.3360,276.9975,276.6702,275.1550,273.7977,276.6046,276.6307,277.6384,277.0164,276.8928,273.5728,276.9445,276.7090,277.2265,274.0907,276.5875,277.6153,276.6212,277.3763,277.0336,277.3433,278.3553,277.1311,277.2600,278.1518,278.7517,277.5474,277.6613,276.4943,277.3545,277.3649,276.9191,276.7383,277.3061,277.5516,276.6909,277.0826,277.3302,276.3828,276.7356,277.2699,277.9778,276.9490,276.8210,276.9312,277.1206,277.3178,275.5275,280.2768,
Clock [MHz],1502.2019,1491.9842,1480.5169,1487.1973,1469.6742,1478.3256,1482.1297,1479.8808,1485.8730,1490.1952,1484.7207,1484.7421,1485.0976,1485.3327,1486.1286,1480.4120,1483.6266,1486.6811,1474.3236,1478.7328,1487.2503,1485.3168,1484.1896,1484.7095,1482.3653,1480.7856,1484.0853,1486.6421,1484.0932,1476.6734,1485.6403,1482.3738,1486.8576,1484.3214,1485.1990,1486.5996,1488.1723,1484.2139,1484.6679,1489.4607,1490.8982,1487.1403,1486.7415,1480.7974,1485.7061,1481.1282,1483.2049,1485.9229,1483.8415,1484.7433,1484.7355,1483.5257,1482.6094,1478.6067,1486.4161,1486.6886,1488.1391,1484.8617,1485.3408,1484.8493,1485.2697,1482.7602,1477.1178,1492.5165,
CPI,2.1445,5.7797,6.1240,6.0954,6.1847,6.6149,5.9479,5.8870,6.7167,6.2002,5.8324,5.8396,5.9395,5.9463,5.9958,5.9617,5.9217,5.9513,6.4935,6.4705,5.8284,5.8209,6.2647,5.9025,5.9742,6.1491,5.9220,5.9635,6.0204,6.4444,6.3065,6.8391,5.8940,6.0771,6.0331,5.9271,6.3043,5.9878,6.3329,6.3694,6.1698,6.0548,6.2628,6.0658,6.4019,6.3334,6.1334,6.2232,6.5547,6.8107,6.1236,6.1094,6.3514,6.3209,6.0958,6.0923,6.1361,6.1044,5.8302,5.8544,6.0423,6.6739,6.2908,6.1867,
MCDRAM Memory read bandwidth [MBytes/s],180479.1360,0,0,0,0,0,0,0,0,0,0,0,0,0,0,0,0,0,0,0,0,0,0,0,0,0,0,0,0,0,0,0,0,0,0,0,0,0,0,0,0,0,0,0,0,0,0,0,0,0,0,0,0,0,0,0,0,0,0,0,0,0,0,0,
MCDRAM Memory read data volume [GBytes],681.7643,0,0,0,0,0,0,0,0,0,0,0,0,0,0,0,0,0,0,0,0,0,0,0,0,0,0,0,0,0,0,0,0,0,0,0,0,0,0,0,0,0,0,0,0,0,0,0,0,0,0,0,0,0,0,0,0,0,0,0,0,0,0,0,
MCDRAM Memory writeback bandwidth [MBytes/s],116.1760,0,0,0,0,0,0,0,0,0,0,0,0,0,0,0,0,0,0,0,0,0,0,0,0,0,0,0,0,0,0,0,0,0,0,0,0,0,0,0,0,0,0,0,0,0,0,0,0,0,0,0,0,0,0,0,0,0,0,0,0,0,0,0,
MCDRAM Memory writeback data volume [GBytes],0.4389,0,0,0,0,0,0,0,0,0,0,0,0,0,0,0,0,0,0,0,0,0,0,0,0,0,0,0,0,0,0,0,0,0,0,0,0,0,0,0,0,0,0,0,0,0,0,0,0,0,0,0,0,0,0,0,0,0,0,0,0,0,0,0,
MCDRAM Memory bandwidth [MBytes/s],180595.3119,0,0,0,0,0,0,0,0,0,0,0,0,0,0,0,0,0,0,0,0,0,0,0,0,0,0,0,0,0,0,0,0,0,0,0,0,0,0,0,0,0,0,0,0,0,0,0,0,0,0,0,0,0,0,0,0,0,0,0,0,0,0,0,
MCDRAM Memory data volume [GBytes],682.2031,0,0,0,0,0,0,0,0,0,0,0,0,0,0,0,0,0,0,0,0,0,0,0,0,0,0,0,0,0,0,0,0,0,0,0,0,0,0,0,0,0,0,0,0,0,0,0,0,0,0,0,0,0,0,0,0,0,0,0,0,0,0,0,
DDR Memory read bandwidth [MBytes/s],76.8669,0,0,0,0,0,0,0,0,0,0,0,0,0,0,0,0,0,0,0,0,0,0,0,0,0,0,0,0,0,0,0,0,0,0,0,0,0,0,0,0,0,0,0,0,0,0,0,0,0,0,0,0,0,0,0,0,0,0,0,0,0,0,0,
DDR Memory read data volume [GBytes],0.2904,0,0,0,0,0,0,0,0,0,0,0,0,0,0,0,0,0,0,0,0,0,0,0,0,0,0,0,0,0,0,0,0,0,0,0,0,0,0,0,0,0,0,0,0,0,0,0,0,0,0,0,0,0,0,0,0,0,0,0,0,0,0,0,
DDR Memory writeback bandwidth [MBytes/s],0.2523,0,0,0,0,0,0,0,0,0,0,0,0,0,0,0,0,0,0,0,0,0,0,0,0,0,0,0,0,0,0,0,0,0,0,0,0,0,0,0,0,0,0,0,0,0,0,0,0,0,0,0,0,0,0,0,0,0,0,0,0,0,0,0,
DDR Memory writeback data volume [GBytes],0.0010,0,0,0,0,0,0,0,0,0,0,0,0,0,0,0,0,0,0,0,0,0,0,0,0,0,0,0,0,0,0,0,0,0,0,0,0,0,0,0,0,0,0,0,0,0,0,0,0,0,0,0,0,0,0,0,0,0,0,0,0,0,0,0,
DDR Memory bandwidth [MBytes/s],77.1192,0,0,0,0,0,0,0,0,0,0,0,0,0,0,0,0,0,0,0,0,0,0,0,0,0,0,0,0,0,0,0,0,0,0,0,0,0,0,0,0,0,0,0,0,0,0,0,0,0,0,0,0,0,0,0,0,0,0,0,0,0,0,0,
DDR Memory data volume [GBytes],0.2913,0,0,0,0,0,0,0,0,0,0,0,0,0,0,0,0,0,0,0,0,0,0,0,0,0,0,0,0,0,0,0,0,0,0,0,0,0,0,0,0,0,0,0,0,0,0,0,0,0,0,0,0,0,0,0,0,0,0,0,0,0,0,0,
TABLE,Region MMUL_Region,Group 1 Metric STAT,HBM_CACHE,16,,,,,,,,,,,,,,,,,,,,,,,,,,,,,,,,,,,,,,,,,,,,,,,,,,,,,,,,,,,,,
Metric,Sum,Min,Max,Avg,,,,,,,,,,,,,,,,,,,,,,,,,,,,,,,,,,,,,,,,,,,,,,,,,,,,,,,,,,,,,
Runtime (RDTSC) [s] STAT,241.4057,3.7551,3.7864,3.7720,,,,,,,,,,,,,,,,,,,,,,,,,,,,,,,,,,,,,,,,,,,,,,,,,,,,,,,,,,,,,
Runtime unhalted [s] STAT,17484.3142,52.6675,280.2768,273.1924,,,,,,,,,,,,,,,,,,,,,,,,,,,,,,,,,,,,,,,,,,,,,,,,,,,,,,,,,,,,,
Clock [MHz] STAT,95004.9556,1469.6742,1502.2019,1484.4524,,,,,,,,,,,,,,,,,,,,,,,,,,,,,,,,,,,,,,,,,,,,,,,,,,,,,,,,,,,,,
CPI STAT,389.6314,2.1445,6.8391,6.0880,,,,,,,,,,,,,,,,,,,,,,,,,,,,,,,,,,,,,,,,,,,,,,,,,,,,,,,,,,,,,
MCDRAM Memory read bandwidth [MBytes/s] STAT,180479.1360,0,180479.1360,2819.9865,,,,,,,,,,,,,,,,,,,,,,,,,,,,,,,,,,,,,,,,,,,,,,,,,,,,,,,,,,,,,
MCDRAM Memory read data volume [GBytes] STAT,681.7643,0,681.7643,10.6526,,,,,,,,,,,,,,,,,,,,,,,,,,,,,,,,,,,,,,,,,,,,,,,,,,,,,,,,,,,,,
MCDRAM Memory writeback bandwidth [MBytes/s] STAT,116.1760,0,116.1760,1.8153,,,,,,,,,,,,,,,,,,,,,,,,,,,,,,,,,,,,,,,,,,,,,,,,,,,,,,,,,,,,,
MCDRAM Memory writeback data volume [GBytes] STAT,0.4389,0,0.4389,0.0069,,,,,,,,,,,,,,,,,,,,,,,,,,,,,,,,,,,,,,,,,,,,,,,,,,,,,,,,,,,,,
MCDRAM Memory bandwidth [MBytes/s] STAT,180595.3119,0,180595.3119,2821.8017,,,,,,,,,,,,,,,,,,,,,,,,,,,,,,,,,,,,,,,,,,,,,,,,,,,,,,,,,,,,,
MCDRAM Memory data volume [GBytes] STAT,682.2031,0,682.2031,10.6594,,,,,,,,,,,,,,,,,,,,,,,,,,,,,,,,,,,,,,,,,,,,,,,,,,,,,,,,,,,,,
DDR Memory read bandwidth [MBytes/s] STAT,76.8669,0,76.8669,1.2010,,,,,,,,,,,,,,,,,,,,,,,,,,,,,,,,,,,,,,,,,,,,,,,,,,,,,,,,,,,,,
DDR Memory read data volume [GBytes] STAT,0.2904,0,0.2904,0.0045,,,,,,,,,,,,,,,,,,,,,,,,,,,,,,,,,,,,,,,,,,,,,,,,,,,,,,,,,,,,,
DDR Memory writeback bandwidth [MBytes/s] STAT,0.2523,0,0.2523,0.0039,,,,,,,,,,,,,,,,,,,,,,,,,,,,,,,,,,,,,,,,,,,,,,,,,,,,,,,,,,,,,
DDR Memory writeback data volume [GBytes] STAT,0.0010,0,0.0010,1.562500e-05,,,,,,,,,,,,,,,,,,,,,,,,,,,,,,,,,,,,,,,,,,,,,,,,,,,,,,,,,,,,,
DDR Memory bandwidth [MBytes/s] STAT,77.1192,0,77.1192,1.2050,,,,,,,,,,,,,,,,,,,,,,,,,,,,,,,,,,,,,,,,,,,,,,,,,,,,,,,,,,,,,
DDR Memory data volume [GBytes] STAT,0.2913,0,0.2913,0.0046,,,,,,,,,,,,,,,,,,,,,,,,,,,,,,,,,,,,,,,,,,,,,,,,,,,,,,,,,,,,,
